"0x8af880","Unknown","##UNKNOWN##","Size","##UNKNOWN##","Poiner to graphics"
"Ephraim Lord","0x2","0x0","0x1","0x0","0x81b7828"
"Eirika Lord","0x0","0x0","0x0","0x0","0x81b79d4"
"Ephraim Great Lord","0x2","0x0","0x1","0x0","0x81b7ad8"
"Eirika Great Lord","0x2","0x0","0x1","0x0","0x81b7cd4"
"Cavalier","0x2","0x0","0x1","0x0","0x81b7ecc"
"Paladin","0x2","0x0","0x1","0x0","0x81b8088"
"Knight","0x2","0x0","0x0","0x0","0x81b8258"
"General","0x0","0x0","0x1","0x0","0x81b8364"
"Thief","0x2","0x0","0x0","0x0","0x81b8504"
"Manakete","0x0","0x0","0x0","0x0","0x81b8640"
"Mercenary","0x2","0x0","0x0","0x0","0x81b8678"
"Mercenary (F)","0x2","0x0","0x2","0x0","0x81b87b0"
"Hero","0x2","0x0","0x0","0x0","0x81b8940"
"Hero (F)","0x2","0x0","0x0","0x0","0x81b8aa0"
"Myrmidon","0x2","0x0","0x0","0x0","0x81b8bdc"
"Myrmidon (F)","0x2","0x0","0x0","0x0","0x81b8cf0"
"Swordmaster","0x2","0x0","0x0","0x0","0x81b8e00"
"Swordmaster (F)","0x2","0x0","0x0","0x0","0x81b8ee8"
"Assassin","0x2","0x0","0x0","0x0","0x81b8fc4"
"Assassin (F)","0x2","0x0","0x0","0x0","0x81b9100"
"Archer","0x2","0x0","0x0","0x0","0x81b9234"
"Archer (F)","0x2","0x0","0x0","0x0","0x81b934c"
"Sniper","0x2","0x0","0x0","0x0","0x81b9460"
"Sniper (F)","0x2","0x0","0x0","0x0","0x81b95a4"
"Ranger","0x2","0x0","0x1","0x0","0x81b96c8"
"Wyvern Rider","0x2","0x0","0x1","0x0","0x81b9894"
"Wyvern Rider (F)","0x2","0x0","0x1","0x0","0x81b9a88"
"Wyvern Lord","0x2","0x0","0x1","0x0","0x81b9c7c"
"Wyvern Lord (F)","0x2","0x0","0x1","0x0","0x81b9e70"
"Wyvern Knight","0x3","0x0","0x1","0x0","0x81ba068"
"Mage","0x2","0x0","0x0","0x0","0x81ba274"
"Mage (F)","0x2","0x0","0x0","0x0","0x81ba3ac"
"Sage","0x2","0x0","0x0","0x0","0x81ba4ec"
"Sage (F)","0x2","0x0","0x0","0x0","0x81ba648"
"Mage Knight","0x2","0x0","0x1","0x0","0x81ba7a8"
"Mage Knight (F)","0x2","0x0","0x1","0x0","0x81ba95c"
"Bishop","0x2","0x0","0x0","0x0","0x81bab20"
"Bishop (F)","0x2","0x0","0x0","0x0","0x81bac74"
"Shaman","0x2","0x0","0x0","0x0","0x81badcc"
"Druid","0x2","0x0","0x0","0x0","0x81baf24"
"Summoner","0x2","0x0","0x1","0x0","0x81bb098"
"Rogue","0x2","0x0","0x0","0x0","0x81bb1b8"
"Gorgon Egg","0x3","0x0","0x0","0x0","0x81bb2dc"
"Great Knight","0x2","0x0","0x1","0x0","0x81bb3b0"
"Recruit (2)","0x2","0x0","0x1","0x0","0x81bb580"
"Journeyman (3)","0x2","0x0","0x1","0x0","0x81bb6b4"
"Pupil (3)","0x2","0x0","0x0","0x0","0x81bb7f0"
"Manakete","0x3","0x0","0x2","0x0","0x81bb910"
"Manakete (F)","0x2","0x0","0x1","0x0","0x81bbbb8"
"Fighter","0x2","0x0","0x1","0x0","0x81bbcd0"
"Warrior","0x2","0x0","0x1","0x0","0x81bbdfc"
"Brigand","0x2","0x0","0x1","0x0","0x81bbf7c"
"Pirate","0x2","0x0","0x0","0x0","0x81bc0f0"
"Berserker","0x2","0x0","0x1","0x0","0x81bc26c"
"Monk","0x2","0x0","0x0","0x0","0x81bc44c"
"Priest","0x2","0x0","0x0","0x0","0x81bc568"
"Bard","0x2","0x0","0x0","0x0","0x81bc674"
"Pegasus Knight","0x2","0x0","0x1","0x0","0x81bc774"
"Falcon Knight","0x2","0x0","0x1","0x0","0x81bc918"
"Sister","0x2","0x0","0x0","0x0","0x81bcac4"
"Troubadour","0x2","0x0","0x1","0x0","0x81bcbe8"
"Valkyrie","0x2","0x0","0x1","0x0","0x81bcda4"
"Dancer","0x2","0x0","0x0","0x0","0x81bcf54"
"Soldier","0x2","0x0","0x0","0x0","0x81bd08c"
"Necromancer","0x3","0x0","0x0","0x0","0x81bd1e0"
"Fleet","0x3","0x0","0x2","0x0","0x81bd2dc"
"Phantom","0x2","0x0","0x2","0x0","0x81bd444"
"Revenant","0x3","0x0","0x1","0x0","0x81bd5d0"
"Entombed","0x3","0x0","0x1","0x0","0x81bd6fc"
"Bonewalker","0x3","0x0","0x0","0x0","0x81bd864"
"Bonewalker (Bow)","0x3","0x0","0x1","0x0","0x81bd98c"
"Wight","0x3","0x0","0x0","0x0","0x81bdad0"
"Wight (Bow)","0x3","0x0","0x0","0x0","0x81bdc10"
"Bael","0x3","0x0","0x2","0x0","0x81bdd54"
"Elder Bael","0x3","0x0","0x1","0x0","0x81bdee4"
"Cyclops","0x3","0x0","0x1","0x0","0x81be048"
"Mauthe Doog","0x3","0x0","0x1","0x0","0x81be1d8"
"Gwyllgi","0x3","0x0","0x2","0x0","0x81be2ec"
"Tarvos","0x3","0x0","0x1","0x0","0x81be504"
"Maelduin","0x3","0x0","0x2","0x0","0x81be714"
"Mogall","0x3","0x0","0x1","0x0","0x81be988"
"Arch Mogall","0x0","0x0","0x1","0x0","0x81beb04"
"Gorgon","0x3","0x0","0x1","0x0","0x81bec84"
"Gorgon Egg","0x3","0x0","0x0","0x0","0x81bedd0"
"Gargoyle","0x3","0x0","0x2","0x0","0x81bee74"
"Deathgoyle","0x3","0x0","0x2","0x0","0x81bf06c"
"Dracozombie","0x3","0x0","0x1","0x0","0x81bf29c"
"Demon King","0x3","0x0","0x2","0x0","0x81bf418"
"Archer on Ballista","0x2","0x0","0x1","0x0","0x81bf690"
"Archer on Iron Ballista","0x2","0x0","0x1","0x0","0x81bf824"
"Archer on Killer Ballista","0x2","0x0","0x1","0x0","0x81bf9b8"
"Ballista","0x2","0x0","0x1","0x0","0x81bfb4c"
"Iron Ballista","0x2","0x0","0x1","0x0","0x81bfcc0"
"Killer Ballista","0x2","0x0","0x1","0x0","0x81bfe34"
"Civilian","0x2","0x0","0x0","0x0","0x81bffa8"
"Civilian (F)","0x2","0x0","0x0","0x0","0x81c0078"
"Civilian","0x2","0x0","0x0","0x0","0x81c014c"
"Civilian (F)","0x2","0x0","0x0","0x0","0x81c022c"
"Peer","0x2","0x0","0x0","0x0","0x81c0310"
"Queen","0x2","0x0","0x1","0x0","0x81c03ec"
"Prince","0x2","0x0","0x0","0x0","0x81c0500"
"Queen","0x2","0x0","0x0","0x0","0x81c05d8"
"(empty)","0x0","0x0","0x0","0x0","0x81c068c"
"Fallen Prince","0x2","0x0","0x0","0x0","0x81c07bc"
"Tent","0x2","0x0","0x1","0x0","0x81c0840"
"Pontifex","0x2","0x0","0x1","0x0","0x81c0934"
"Dead Peer","0x0","0x0","0x0","0x0","0x81c0a70"
